<?xml version="1.0" encoding="UTF-8"?>
<beans xmlns="http://www.springframework.org/schema/beans"
	xmlns:xsi="http://www.w3.org/2001/XMLSchema-instance" 
	xmlns:aop="http://www.springframework.org/schema/aop"
	xsi:schemaLocation="http://www.springframework.org/schema/beans 
	http://www.springframework.org/schema/beans/spring-beans-4.0.xsd">

	<bean id="exchangeService12" 
	class="com.igate.intro.ExchangeServiceImpl">
	  <constructor-arg><value>44.25</value>
	  </constructor-arg>
	</bean>

	<bean id="currencyConverter" 
	class="com.igate.intro.CurrencyConverterImpl">
		<property name="exchangeService">
			<ref bean="exchangeService12"/>		
		</property>
	</bean>
	
	
	
	
	
	
	

</beans>